Family,Boards,Stock,Individual boards,ID,On-site (Y/N),User
STM32 Nucleo-32 Boards,,,,,,
F0,NUCLEO-F031K6,6,,,,
,,,NUCLEO-F031K6 -1,,,
,,,NUCLEO-F031K6 -2,,,
,,,NUCLEO-F031K6 -3,,,
,,,NUCLEO-F031K6 -4,,,
,,,NUCLEO-F031K6 -5,,,
,,,NUCLEO-F031K6 -6,,,
F0,NUCLEO-F042K6,6,,,,
,,,NUCLEO-F042K6 -1,,,
,,,NUCLEO-F042K6 -2,,,
,,,NUCLEO-F042K6 -3,,,
,,,NUCLEO-F042K6 -4,,,
,,,NUCLEO-F042K6 -5,,,
,,,NUCLEO-F042K6 -6,,,
F3,NUCLEO-F303K8,4,,,,
,,,NUCLEO-F303K8 - 1,,,
,,,NUCLEO-F303K8 - 2,,,
,,,NUCLEO-F303K8 - 3,,,
,,,NUCLEO-F303K8 - 4,,,
G0,NUCLEO-G031K8,12,,,,
,,,NUCLEO-G031K8 - 1,,,
,,,NUCLEO-G031K8 - 2,,,
,,,NUCLEO-G031K8 - 3,,,
,,,NUCLEO-G031K8 - 4,,,
,,,NUCLEO-G031K8 - 5,,,
,,,NUCLEO-G031K8 - 6,,,
,,,NUCLEO-G031K8 - 7,,,
,,,NUCLEO-G031K8 - 8,,,
,,,NUCLEO-G031K8 - 9,,,
,,,NUCLEO-G031K8 - 10,,,
,,,NUCLEO-G031K8 - 11,,,
,,,NUCLEO-G031K8 - 12,,,
G4,NUCLEO-G431K8,4,,,,
,,,NUCLEO-G431K8 - 1,,,
,,,NUCLEO-G431K8 - 2,,,
,,,NUCLEO-G431K8 - 3,,,
,,,NUCLEO-G431K8 - 4,,,
L0,NUCLEO-L011K4,4,,,,
,,,NUCLEO-L011K4 - 1,,,
,,,NUCLEO-L011K4 - 2,,,
,,,NUCLEO-L011K4 - 3,,,
,,,NUCLEO-L011K4 - 4,,,
L0,NUCLEO-L031K6,13,,,,
,,,NUCLEO-L031K6 - 1,,,
,,,NUCLEO-L031K6 - 2,,,
,,,NUCLEO-L031K6 - 3,,,
,,,NUCLEO-L031K6 - 4,,,
,,,NUCLEO-L031K6 - 5,,,
,,,NUCLEO-L031K6 - 6,,,
,,,NUCLEO-L031K6 - 7,,,
,,,NUCLEO-L031K6 - 8,,,
,,,NUCLEO-L031K6 - 9,,,
,,,NUCLEO-L031K6 - 10,,,
,,,NUCLEO-L031K6 - 11,,,
,,,NUCLEO-L031K6 - 12,,,
,,,NUCLEO-L031K6 - 13,,,
L4,NUCLEO-L412KB,7,,,,
,,,NUCLEO-L412KB - 1,,,
,,,NUCLEO-L412KB - 2,,,
,,,NUCLEO-L412KB - 3,,,
,,,NUCLEO-L412KB - 4,,,
,,,NUCLEO-L412KB - 5,,,
,,,NUCLEO-L412KB - 6,,,
,,,NUCLEO-L412KB - 7,,,
L4,NUCLEO-L432KC,10,,,,
,,,NUCLEO-L432KC - 1,,,
,,,NUCLEO-L432KC - 2,,,
,,,NUCLEO-L432KC - 3,,,
,,,NUCLEO-L432KC - 4,,,
,,,NUCLEO-L432KC - 5,,,
,,,NUCLEO-L432KC - 6,,,
,,,NUCLEO-L432KC - 7,,,
,,,NUCLEO-L432KC - 8,,,
,,,NUCLEO-L432KC - 9,,,
,,,NUCLEO-L432KC - 10,,,
,,,,,,
,,,,,,
STM32 Nucleo-48/64/68 Boards,,,,,,
C0,NUCLEO-C031C6,11,,,,
,,,NUCLEO-C031C6 - 1,,,
,,,NUCLEO-C031C6 - 2,,,
,,,NUCLEO-C031C6 - 3,,,
,,,NUCLEO-C031C6 - 4,,,
,,,NUCLEO-C031C6 - 5,,,
,,,NUCLEO-C031C6 - 6,,,
,,,NUCLEO-C031C6 - 7,,,
,,,NUCLEO-C031C6 - 8,,,
,,,NUCLEO-C031C6 - 9,,,
,,,NUCLEO-C031C6 - 10,,,
,,,NUCLEO-C031C6 - 11,,,
,NUCLEO-C071RB (KS1),6,,,,
,,,NUCLEO-C071RB (KS1) - 1,,,
,,,NUCLEO-C071RB (KS1) - 2,,,
,,,NUCLEO-C071RB (KS1) - 3,,,
,,,NUCLEO-C071RB (KS1) - 4,,,
,,,NUCLEO-C071RB (KS1) - 5,,,
,,,NUCLEO-C071RB (KS1) - 6,,,
C1?,NUCLEO-C051RB (KS1),4,,,,
,,,NUCLEO-C051RB (KS1) - 1,,,
,,,NUCLEO-C051RB (KS1) - 2,,,
,,,NUCLEO-C051RB (KS1) - 3,,,
,,,NUCLEO-C051RB (KS1) - 4,,,
C0,NUCLEO-C092RC (KU1),4,,,,
,,,NUCLEO-C092RC (KU1) - 1,,,
,,,NUCLEO-C092RC (KU1) - 2,,,
,,,NUCLEO-C092RC (KU1) - 3,,,
,,,NUCLEO-C092RC (KU1) - 4,,,
C5,NUCLEO-C562RE (Rev Z),3,,,,
,,,NUCLEO-C562RE (Rev Z) - 1,,,
,,,NUCLEO-C562RE (Rev Z) - 2,,,
,,,NUCLEO-C562RE (Rev Z) - 3,,,
F0,NUCLEO-F030R8,6,,,,
,,,NUCLEO-F030R8 - 1,,,
,,,NUCLEO-F030R8 - 2,,,
,,,NUCLEO-F030R8 - 3,,,
,,,NUCLEO-F030R8 - 4,,,
,,,NUCLEO-F030R8 - 5,,,
,,,NUCLEO-F030R8 - 6,,,
F0,NUCLEO-F070RB,3,,,,
,,,NUCLEO-F070RB - 1,,,
,,,NUCLEO-F070RB - 2,,,
,,,NUCLEO-F070RB - 3,,,
F0,NUCLEO-F072RB,8,,,,
,,,NUCLEO-F072RB - 1,,,
,,,NUCLEO-F072RB - 2,,,
,,,NUCLEO-F072RB - 3,,,
,,,NUCLEO-F072RB - 4,,,
,,,NUCLEO-F072RB - 5,,,
,,,NUCLEO-F072RB - 6,,,
,,,NUCLEO-F072RB - 7,,,
,,,NUCLEO-F072RB - 8,,,
F0,NUCLEO-F091RC,7,,,,
,,,NUCLEO-F091RC - 1,,,
,,,NUCLEO-F091RC - 2,,,
,,,NUCLEO-F091RC - 3,,,
,,,NUCLEO-F091RC - 4,,,
,,,NUCLEO-F091RC - 5,,,
,,,NUCLEO-F091RC - 6,,,
,,,NUCLEO-F091RC - 7,,,
F1,NUCLEO-F103RB,7,,,,
,,,NUCLEO-F103RB - 1,,,
,,,NUCLEO-F103RB - 2,,,
,,,NUCLEO-F103RB - 3,,,
,,,NUCLEO-F103RB - 4,,,
,,,NUCLEO-F103RB - 5,,,
,,,NUCLEO-F103RB - 6,,,
,,,NUCLEO-F103RB - 7,,,
F3,NUCLEO-F302R8,5,,,,
,,,NUCLEO-F302R8 - 1,,,
,,,NUCLEO-F302R8 - 2,,,
,,,NUCLEO-F302R8 - 3,,,
,,,NUCLEO-F302R8 - 4,,,
,,,NUCLEO-F302R8 - 5,,,
F3,NUCLEO-F303RE,4,,,,
,,,NUCLEO-F303RE - 1,,,
,,,NUCLEO-F303RE - 2,,,
,,,NUCLEO-F303RE - 3,,,
,,,NUCLEO-F303RE - 4,,,
F3,NUCLEO-F334R8,4,,,,
,,,NUCLEO-F334R8 - 1,,,
,,,NUCLEO-F334R8 - 2,,,
,,,NUCLEO-F334R8 - 3,,,
,,,NUCLEO-F334R8 - 4,,,
F4,NUCLEO-F401RE,10,,,,
,,,NUCLEO-F401RE - 1,,,
,,,NUCLEO-F401RE - 2,,,
,,,NUCLEO-F401RE - 3,,,
,,,NUCLEO-F401RE - 4,,,
,,,NUCLEO-F401RE - 5,,,
,,,NUCLEO-F401RE - 6,,,
,,,NUCLEO-F401RE - 7,,,
,,,NUCLEO-F401RE - 8,,,
,,,NUCLEO-F401RE - 9,,,
,,,NUCLEO-F401RE - 10,,,
F4,NUCLEO-F410RB,4,,,,
,,,NUCLEO-F410RB - 1,,,
,,,NUCLEO-F410RB - 2,,,
,,,NUCLEO-F410RB - 3,,,
,,,NUCLEO-F410RB - 4,,,
F5?,NUCLEO-F410RB (AU1),4,,,,
,,,NUCLEO-F410RB (AU1) - 1,,,
,,,NUCLEO-F410RB (AU1) - 2,,,
,,,NUCLEO-F410RB (AU1) - 3,,,
,,,NUCLEO-F410RB (AU1) - 4,,,
F4,NUCLEO-F411RE,10,,,,
,,,NUCLEO-F411RE- 1,,,
,,,NUCLEO-F411RE- 2,,,
,,,NUCLEO-F411RE- 3,,,
,,,NUCLEO-F411RE- 4,,,
,,,NUCLEO-F411RE- 5,,,
,,,NUCLEO-F411RE- 6,,,
,,,NUCLEO-F411RE- 7,,,
,,,NUCLEO-F411RE- 8,,,
,,,NUCLEO-F411RE- 9,,,
,,,NUCLEO-F411RE- 10,,,
F4,NUCLEO-F446RE,6,,,,
,,,NUCLEO-F446RE - 1,,,
,,,NUCLEO-F446RE - 2,,,
,,,NUCLEO-F446RE - 3,,,
,,,NUCLEO-F446RE - 4,,,
,,,NUCLEO-F446RE - 5,,,
,,,NUCLEO-F446RE - 6,,,
G0,NUCLEO-G070RB,7,,,,
,,,NUCLEO-G070RB - 1,,,
,,,NUCLEO-G070RB - 2,,,
,,,NUCLEO-G070RB - 3,,,
,,,NUCLEO-G070RB - 4,,,
,,,NUCLEO-G070RB - 5,,,
,,,NUCLEO-G070RB - 6,,,
,,,NUCLEO-G070RB - 7,,,
G0,NUCLEO-G071RB,15,,,,
,,,NUCLEO-G071RB - 1,,,
,,,NUCLEO-G071RB - 2,,,
,,,NUCLEO-G071RB - 3,,,
,,,NUCLEO-G071RB - 4,,,
,,,NUCLEO-G071RB - 5,,,
,,,NUCLEO-G071RB - 6,,,
,,,NUCLEO-G071RB - 7,,,
,,,NUCLEO-G071RB - 8,,,
,,,NUCLEO-G071RB - 9,,,
,,,NUCLEO-G071RB - 10,,,
,,,NUCLEO-G071RB - 11,,,
,,,NUCLEO-G071RB - 12,,,
,,,NUCLEO-G071RB - 13,,,
,,,NUCLEO-G071RB - 14,,,
,,,NUCLEO-G071RB - 15,,,
G0,NUCLEO-G0B1RE,13,,,,
,,,NUCLEO-G0B1RE - 1,,,
,,,NUCLEO-G0B1RE - 2,,,
,,,NUCLEO-G0B1RE - 3,,,
,,,NUCLEO-G0B1RE - 4,,,
,,,NUCLEO-G0B1RE - 5,,,
,,,NUCLEO-G0B1RE - 6,,,
,,,NUCLEO-G0B1RE - 7,,,
,,,NUCLEO-G0B1RE - 8,,,
,,,NUCLEO-G0B1RE - 9,,,
,,,NUCLEO-G0B1RE - 10,,,
,,,NUCLEO-G0B1RE - 11,,,
,,,NUCLEO-G0B1RE - 12,,,
,,,NUCLEO-G0B1RE - 13,,,
G4,NUCLEO-G431RB,9,,,,
,,,NUCLEO-G431RB - 1,,,
,,,NUCLEO-G431RB - 2,,,
,,,NUCLEO-G431RB - 3,,,
,,,NUCLEO-G431RB - 4,,,
,,,NUCLEO-G431RB - 5,,,
,,,NUCLEO-G431RB - 6,,,
,,,NUCLEO-G431RB - 7,,,
,,,NUCLEO-G431RB - 8,,,
,,,NUCLEO-G431RB - 9,,,
G4,NUCLEO-G474RE,11,,,,
,,,NUCLEO-G474RE - 1,,,
,,,NUCLEO-G474RE - 2,,,
,,,NUCLEO-G474RE - 3,,,
,,,NUCLEO-G474RE - 4,,,
,,,NUCLEO-G474RE - 5,,,
,,,NUCLEO-G474RE - 6,,,
,,,NUCLEO-G474RE - 7,,,
,,,NUCLEO-G474RE - 8,,,
,,,NUCLEO-G474RE - 9,,,
,,,NUCLEO-G474RE - 10,,,
,,,NUCLEO-G474RE - 11,,,
G4,NUCLEO-G491RE,5,,,,
,,,NUCLEO-G491RE - 1,,,
,,,NUCLEO-G491RE - 2,,,
,,,NUCLEO-G491RE - 3,,,
,,,NUCLEO-G491RE - 4,,,
,,,NUCLEO-G491RE - 5,,,
H5,NUCLEO-H503RB,9,,,,
,,,NUCLEO-H503RB - 1,,,
,,,NUCLEO-H503RB - 2,,,
,,,NUCLEO-H503RB - 3,,,
,,,NUCLEO-H503RB - 4,,,
,,,NUCLEO-H503RB - 5,,,
,,,NUCLEO-H503RB - 6,,,
,,,NUCLEO-H503RB - 7,,,
,,,NUCLEO-H503RB - 8,,,
,,,NUCLEO-H503RB - 9,,,
H5,NUCLEO-H503RB (MR2),12,,,,
,,,NUCLEO-H503RB (MR2) - 1,,,
,,,NUCLEO-H503RB (MR2) - 2,,,
,,,NUCLEO-H503RB (MR2) - 3,,,
,,,NUCLEO-H503RB (MR2) - 4,,,
,,,NUCLEO-H503RB (MR2) - 5,,,
,,,NUCLEO-H503RB (MR2) - 6,,,
,,,NUCLEO-H503RB (MR2) - 7,,,
,,,NUCLEO-H503RB (MR2) - 8,,,
,,,NUCLEO-H503RB (MR2) - 9,,,
,,,NUCLEO-H503RB (MR2) - 10,,,
,,,NUCLEO-H503RB (MR2) - 11,,,
,,,NUCLEO-H503RB (MR2) - 12,,,
H5,NUCLEO-H533RE (MR1),4,,,,
,,,NUCLEO-H533RE (MR1) - 1,,,
,,,NUCLEO-H533RE (MR1) - 2,,,
,,,NUCLEO-H533RE (MR1) - 3,,,
,,,NUCLEO-H533RE (MR1) - 4,,,
H5,NUCLEO-H533RE (KR2),2,,,,
,,,NUCLEO-H533RE (KR2) - 1,,,
,,,NUCLEO-H533RE (KR2) - 2,,,
L0,NUCLEO-L010RB,4,,,,
,,,NUCLEO-L010RB - 1,,,
,,,NUCLEO-L010RB - 2,,,
,,,NUCLEO-L010RB - 3,,,
,,,NUCLEO-L010RB - 4,,,
L0,NUCLEO-L053R8,9,,,,
,,,NUCLEO-L053R8 - 1,,,
,,,NUCLEO-L053R8 - 2,,,
,,,NUCLEO-L053R8 - 3,,,
,,,NUCLEO-L053R8 - 4,,,
,,,NUCLEO-L053R8 - 5,,,
,,,NUCLEO-L053R8 - 6,,,
,,,NUCLEO-L053R8 - 7,,,
,,,NUCLEO-L053R8 - 8,,,
,,,NUCLEO-L053R8 - 9,,,
L0,NUCLEO-L073RZ,9,,,,
,,,NUCLEO-L073RZ - 1,,,
,,,NUCLEO-L073RZ - 2,,,
,,,NUCLEO-L073RZ - 3,,,
,,,NUCLEO-L073RZ - 4,,,
,,,NUCLEO-L073RZ - 5,,,
,,,NUCLEO-L073RZ - 6,,,
,,,NUCLEO-L073RZ - 7,,,
,,,NUCLEO-L073RZ - 8,,,
,,,NUCLEO-L073RZ - 9,,,
L1,NUCLEO-L152RE,5,,,,
,,,NUCLEO-L152RE - 1,,,
,,,NUCLEO-L152RE - 2,,,
,,,NUCLEO-L152RE - 3,,,
,,,NUCLEO-L152RE - 4,,,
,,,NUCLEO-L152RE - 5,,,
L4,NUCLEO-L412RB-P,9,,,,
,,,NUCLEO-L412RB-P - 1,,,
,,,NUCLEO-L412RB-P - 2,,,
,,,NUCLEO-L412RB-P - 3,,,
,,,NUCLEO-L412RB-P - 4,,,
,,,NUCLEO-L412RB-P - 5,,,
,,,NUCLEO-L412RB-P - 6,,,
,,,NUCLEO-L412RB-P - 7,,,
,,,NUCLEO-L412RB-P - 8,,,
,,,NUCLEO-L412RB-P - 9,,,
L4,NUCLEO-L433RC-P,7,,,,
,,,NUCLEO-L433RC-P - 1,,,
,,,NUCLEO-L433RC-P - 2,,,
,,,NUCLEO-L433RC-P - 3,,,
,,,NUCLEO-L433RC-P - 4,,,
,,,NUCLEO-L433RC-P - 5,,,
,,,NUCLEO-L433RC-P - 6,,,
,,,NUCLEO-L433RC-P - 7,,,
L4,NUCLEO-L452RE,7,,,,
,,,NUCLEO-L452RE - 1,,,
,,,NUCLEO-L452RE - 2,,,
,,,NUCLEO-L452RE - 3,,,
,,,NUCLEO-L452RE - 4,,,
,,,NUCLEO-L452RE - 5,,,
,,,NUCLEO-L452RE - 6,,,
,,,NUCLEO-L452RE - 7,,,
L4,NUCLEO-L452RE-P,6,,,,
,,,NUCLEO-L452RE-P - 1,,,
,,,NUCLEO-L452RE-P - 2,,,
,,,NUCLEO-L452RE-P - 3,,,
,,,NUCLEO-L452RE-P - 4,,,
,,,NUCLEO-L452RE-P - 5,,,
,,,NUCLEO-L452RE-P - 6,,,
L4,NUCLEO-L476RG,12,,,,
,,,NUCLEO-L476RG - 1,E0020801E9816744,Y,
,,,NUCLEO-L476RG - 2,,,
,,,NUCLEO-L476RG - 3,,,
,,,NUCLEO-L476RG - 4,,,
,,,NUCLEO-L476RG - 5,,,
,,,NUCLEO-L476RG - 6,,,
,,,NUCLEO-L476RG - 7,,,
,,,NUCLEO-L476RG - 8,,,
,,,NUCLEO-L476RG - 9,,,
,,,NUCLEO-L476RG - 10,,,
,,,NUCLEO-L476RG - 11,,,
,,,NUCLEO-L476RG - 12,,,
L5,NUCLEO-L552ZE-Q,6,,,,
,,,NUCLEO-L552ZE-Q - 1,,,
,,,NUCLEO-L552ZE-Q - 2,,,
,,,NUCLEO-L552ZE-Q - 3,,,
,,,NUCLEO-L552ZE-Q - 4,,,
,,,NUCLEO-L552ZE-Q - 5,,,
,,,NUCLEO-L552ZE-Q - 6,,,
U0,NUCLEO-U031R8 (KS1),4,,,,
,,,NUCLEO-U031R8 (KS1) - 1,,,
,,,NUCLEO-U031R8 (KS1) - 2,,,
,,,NUCLEO-U031R8 (KS1) - 3,,,
,,,NUCLEO-U031R8 (KS1) - 4,,,
U0,NUCLEO-U083RC (KS1),4,,,,
,,,NUCLEO-U083RC (KS1) - 1,,,
,,,NUCLEO-U083RC (KS1) - 2,,,
,,,NUCLEO-U083RC (KS1) - 3,,,
,,,NUCLEO-U083RC (KS1) - 4,,,
U3,NUCLEO-U385RB (CR1) ES,4,,,,
,,,NUCLEO-U385RB (CR1) ES - 1,,,
,,,NUCLEO-U385RB (CR1) ES - 2,,,
,,,NUCLEO-U385RB (CR1) ES - 3,,,
,,,NUCLEO-U385RB (CR1) ES - 4,,,
U3,NUCLEO-U385RG-Q (CR1) ES,2,,,,
,,,NUCLEO-U385RG-Q (CR1) ES - 1,,,
,,,NUCLEO-U385RG-Q (CR1) ES - 2,,,
U3,NUCLEO-U385RG-Q (CR1),4,,,,
,,,NUCLEO-U385RG-Q (CR1) - 1,,,
,,,NUCLEO-U385RG-Q (CR1) - 2,,,
,,,NUCLEO-U385RG-Q (CR1) - 3,,,
,,,NUCLEO-U385RG-Q (CR1) - 4,,,
U5,NUCLEO-U545RE-Q (MR1),10,,,,
,,,NUCLEO-U545RE-Q (MR1) - 1,,,
,,,NUCLEO-U545RE-Q (MR1) - 2,,,
,,,NUCLEO-U545RE-Q (MR1) - 3,,,
,,,NUCLEO-U545RE-Q (MR1) - 4,,,
,,,NUCLEO-U545RE-Q (MR1) - 5,,,
,,,NUCLEO-U545RE-Q (MR1) - 6,,,
,,,NUCLEO-U545RE-Q (MR1) - 7,,,
,,,NUCLEO-U545RE-Q (MR1) - 8,,,
,,,NUCLEO-U545RE-Q (MR1) - 9,,,
,,,NUCLEO-U545RE-Q (MR1) - 10,,,
WB05,NUCLEO-WB05KZ(CR1),2,,,,
,,,NUCLEO-WB05KZ(CR1) - 1,,,
,,,NUCLEO-WB05KZ(CR1) - 2,,,
WB07,NUCLEO-WB07CC(CR1),6,,,,
,,,NUCLEO-WB07CC(CR1) - 1,,,
,,,NUCLEO-WB07CC(CR1) - 2,,,
,,,NUCLEO-WB07CC(CR1) - 3,,,
,,,NUCLEO-WB07CC(CR1) - 4,,,
,,,NUCLEO-WB07CC(CR1) - 5,,,
,,,NUCLEO-WB07CC(CR1) - 6,,,
WB09,NUCLEO-WB09KE (CR1),2,,,,
,,,NUCLEO-WB09KE (CR1) - 1,,,
,,,NUCLEO-WB09KE (CR1) - 2,,,
WB,NUCLEO-WB15CC,8,,,,
,,,NUCLEO-WB15CC - 1,,,
,,,NUCLEO-WB15CC - 2,,,
,,,NUCLEO-WB15CC - 3,,,
,,,NUCLEO-WB15CC - 4,,,
,,,NUCLEO-WB15CC - 5,,,
,,,NUCLEO-WB15CC - 6,,,
,,,NUCLEO-WB15CC - 7,,,
,,,NUCLEO-WB15CC - 8,,,
WB,NUCLEO-WB55RG,8,,,,
,,,NUCLEO-WB55RG - 1,,,
,,,NUCLEO-WB55RG - 2,,,
,,,NUCLEO-WB55RG - 3,,,
,,,NUCLEO-WB55RG - 4,,,
,,,NUCLEO-WB55RG - 5,,,
,,,NUCLEO-WB55RG - 6,,,
,,,NUCLEO-WB55RG - 7,,,
,,,NUCLEO-WB55RG - 8,,,
WB,NUCLEO-WB55RG (CU4),6,,,,
,,,NUCLEO-WB55RG (CU4) - 1,,,
,,,NUCLEO-WB55RG (CU4) - 2,,,
,,,NUCLEO-WB55RG (CU4) - 3,,,
,,,NUCLEO-WB55RG (CU4) - 4,,,
,,,NUCLEO-WB55RG (CU4) - 5,,,
,,,NUCLEO-WB55RG (CU4) - 6,,,
WBA,NUCLEO-WBA52CG,8,,,,
,,,NUCLEO-WBA52CG - 1,,,
,,,NUCLEO-WBA52CG - 2,,,
,,,NUCLEO-WBA52CG - 3,,,
,,,NUCLEO-WBA52CG - 4,,,
,,,NUCLEO-WBA52CG - 5,,,
,,,NUCLEO-WBA52CG - 6,,,
,,,NUCLEO-WBA52CG - 7,,,
,,,NUCLEO-WBA52CG - 8,,,
WBA,NUCLEO-WBA55CG (DT1),8,,,,
,,,NUCLEO-WBA55CG (DT1) - 1,,,
,,,NUCLEO-WBA55CG (DT1) - 2,,,
,,,NUCLEO-WBA55CG (DT1) - 3,,,
,,,NUCLEO-WBA55CG (DT1) - 4,,,
,,,NUCLEO-WBA55CG (DT1) - 5,,,
,,,NUCLEO-WBA55CG (DT1) - 6,,,
,,,NUCLEO-WBA55CG (DT1) - 7,,,
,,,NUCLEO-WBA55CG (DT1) - 8,,,
WBA,NUCLEO-WBA65RI (DR1),4,,,,
,,,NUCLEO-WBA65RI (DR1) - 1,,,
,,,NUCLEO-WBA65RI (DR1) - 2,,,
,,,NUCLEO-WBA65RI (DR1) - 3,,,
,,,NUCLEO-WBA65RI (DR1) - 4,,,
WL,NUCLEO-WL33CC1 (CR1),6,,,,
,,,NUCLEO-WL33CC1 (CR1) - 1,,,
,,,NUCLEO-WL33CC1 (CR1) - 2,,,
,,,NUCLEO-WL33CC1 (CR1) - 3,,,
,,,NUCLEO-WL33CC1 (CR1) - 4,,,
,,,NUCLEO-WL33CC1 (CR1) - 5,,,
,,,NUCLEO-WL33CC1 (CR1) - 6,,,
WL,NUCLEO-WL33CC2 (CR1),12,,,,
,,,NUCLEO-WL33CC2 (CR1) - 1,,,
,,,NUCLEO-WL33CC2 (CR1) - 2,,,
,,,NUCLEO-WL33CC2 (CR1) - 3,,,
,,,NUCLEO-WL33CC2 (CR1) - 4,,,
,,,NUCLEO-WL33CC2 (CR1) - 5,,,
,,,NUCLEO-WL33CC2 (CR1) - 6,,,
,,,NUCLEO-WL33CC2 (CR1) - 7,,,
,,,NUCLEO-WL33CC2 (CR1) - 8,,,
,,,NUCLEO-WL33CC2 (CR1) - 9,,,
,,,NUCLEO-WL33CC2 (CR1) - 10,,,
,,,NUCLEO-WL33CC2 (CR1) - 11,,,
,,,NUCLEO-WL33CC2 (CR1) - 12,,,
WL,NUCLEO-WL55JC1,5,,,,
,,,NUCLEO-WL55JC1 - 1,,,
,,,NUCLEO-WL55JC1 - 2,,,
,,,NUCLEO-WL55JC1 - 3,,,
,,,NUCLEO-WL55JC1 - 4,,,
,,,NUCLEO-WL55JC1 - 5,,,
WL,NUCLEO-WL55JC2,7,,,,
,,,NUCLEO-WL55JC2 - 1,,,
,,,NUCLEO-WL55JC2 - 2,,,
,,,NUCLEO-WL55JC2 - 3,,,
,,,NUCLEO-WL55JC2 - 4,,,
,,,NUCLEO-WL55JC2 - 5,,,
,,,NUCLEO-WL55JC2 - 6,,,
,,,NUCLEO-WL55JC2 - 7,,,
,,,,,,
,,,,,,
STM32 Nucleo-144 Boards,,,,,,
F2,NUCLEO-F207ZG,4,,,,
,,,NUCLEO-F207ZG - 1,,,
,,,NUCLEO-F207ZG - 2,,,
,,,NUCLEO-F207ZG - 3,,,
,,,NUCLEO-F207ZG - 4,,,
F3,NUCLEO-F303ZE,2,,,,
,,,NUCLEO-F303ZE - 1,,,
,,,NUCLEO-F303ZE - 2,,,
F4,NUCLEO-F412ZG,3,,,,
,,,NUCLEO-F412ZG - 1,,,
,,,NUCLEO-F412ZG - 2,,,
,,,NUCLEO-F412ZG - 3,,,
F4,NUCLEO-F413ZH,4,,,,
,,,NUCLEO-F413ZH - 1,,,
,,,NUCLEO-F413ZH - 2,,,
,,,NUCLEO-F413ZH - 3,,,
,,,NUCLEO-F413ZH - 4,,,
F4,NUCLEO-F429ZI,6,,,,
,,,NUCLEO-F429ZI - 1,,,
,,,NUCLEO-F429ZI - 2,,,
,,,NUCLEO-F429ZI - 3,,,
,,,NUCLEO-F429ZI - 4,,,
,,,NUCLEO-F429ZI - 5,,,
,,,NUCLEO-F429ZI - 6,,,
F4,NUCLEO-F439ZI,4,,,,
,,,NUCLEO-F439ZI - 1,,,
,,,NUCLEO-F439ZI - 2,,,
,,,NUCLEO-F439ZI - 3,,,
,,,NUCLEO-F439ZI - 4,,,
F4,NUCLEO-F446ZG,3,,,,
,,,NUCLEO-F446ZG - 1,,,
,,,NUCLEO-F446ZG - 2,,,
,,,NUCLEO-F446ZG - 3,,,
F7,NUCLEO-F722ZE,2,,,,
,,,NUCLEO-F722ZE - 1,,,
,,,NUCLEO-F722ZE - 2,,,
F7,NUCLEO-F746ZG,3,,,,
,,,NUCLEO-F746ZG - 1,,,
,,,NUCLEO-F746ZG - 2,,,
,,,NUCLEO-F746ZG - 3,,,
F7,NUCLEO-F756ZG,6,,,,
,,,NUCLEO-F756ZG - 1,,,
,,,NUCLEO-F756ZG - 2,,,
,,,NUCLEO-F756ZG - 3,,,
,,,NUCLEO-F756ZG - 4,,,
,,,NUCLEO-F756ZG - 5,,,
,,,NUCLEO-F756ZG - 6,,,
F7,NUCLEO-F767ZI,10,,,,
,,,NUCLEO-F767ZI - 1,,,
,,,NUCLEO-F767ZI - 2,,,
,,,NUCLEO-F767ZI - 3,,,
,,,NUCLEO-F767ZI - 4,,,
,,,NUCLEO-F767ZI - 5,,,
,,,NUCLEO-F767ZI - 6,,,
,,,NUCLEO-F767ZI - 7,,,
,,,NUCLEO-F767ZI - 8,,,
,,,NUCLEO-F767ZI - 9,,,
,,,NUCLEO-F767ZI - 10,,,
H5,NUCLEO-H563ZI ($MT2),4,,,,
,,,NUCLEO-H563ZI ($MT2) - 1,,,
,,,NUCLEO-H563ZI ($MT2) - 2,,,
,,,NUCLEO-H563ZI ($MT2) - 3,,,
,,,NUCLEO-H563ZI ($MT2) - 4,,,
H5,NUCLEO-H563ZI ($MR1),6,,,,
,,,NUCLEO-H563ZI ($MR1) - 1,,,
,,,NUCLEO-H563ZI ($MR1) - 2,,,
,,,NUCLEO-H563ZI ($MR1) - 3,,,
,,,NUCLEO-H563ZI ($MR1) - 4,,,
,,,NUCLEO-H563ZI ($MR1) - 5,,,
,,,NUCLEO-H563ZI ($MR1) - 6,,,
H5,NUCLEO-H563ZI ($MR2),2,,,,
,,,NUCLEO-H563ZI ($MR2) - 1,,,
,,,NUCLEO-H563ZI ($MR2) - 2,,,
H5,NUCLEO-H563ZI ($KR1),14,,,,
,,,NUCLEO-H563ZI ($KR1) - 1,,,
,,,NUCLEO-H563ZI ($KR1) - 2,,,
,,,NUCLEO-H563ZI ($KR1) - 3,,,
,,,NUCLEO-H563ZI ($KR1) - 4,,,
,,,NUCLEO-H563ZI ($KR1) - 5,,,
,,,NUCLEO-H563ZI ($KR1) - 6,,,
,,,NUCLEO-H563ZI ($KR1) - 7,,,
,,,NUCLEO-H563ZI ($KR1) - 8,,,
,,,NUCLEO-H563ZI ($KR1) - 9,,,
,,,NUCLEO-H563ZI ($KR1) - 10,,,
,,,NUCLEO-H563ZI ($KR1) - 11,,,
,,,NUCLEO-H563ZI ($KR1) - 12,,,
,,,NUCLEO-H563ZI ($KR1) - 13,,,
,,,NUCLEO-H563ZI ($KR1) - 14,,,
H7,NUCLEO-H723ZG,8,,,,
,,,NUCLEO-H723ZG - 1,,,
,,,NUCLEO-H723ZG - 2,,,
,,,NUCLEO-H723ZG - 3,,,
,,,NUCLEO-H723ZG - 4,,,
,,,NUCLEO-H723ZG - 5,,,
,,,NUCLEO-H723ZG - 6,,,
,,,NUCLEO-H723ZG - 7,,,
,,,NUCLEO-H723ZG - 8,,,
H7,NUCLEO-H743ZI,2,,,,
,,,NUCLEO-H743ZI - 1,,,
,,,NUCLEO-H743ZI - 2,,,
H7,NUCLEO-H743ZI2,8,,,,
,,,NUCLEO-H743ZI2 - 1,,,
,,,NUCLEO-H743ZI2 - 2,,,
,,,NUCLEO-H743ZI2 - 3,,,
,,,NUCLEO-H743ZI2 - 4,,,
,,,NUCLEO-H743ZI2 - 5,,,
,,,NUCLEO-H743ZI2 - 6,,,
,,,NUCLEO-H743ZI2 - 7,,,
,,,NUCLEO-H743ZI2 - 8,,,
H7,NUCLEO-H745ZI-Q,8,,,,
,,,NUCLEO-H745ZI-Q - 1,,,
,,,NUCLEO-H745ZI-Q - 2,,,
,,,NUCLEO-H745ZI-Q - 3,,,
,,,NUCLEO-H745ZI-Q - 4,,,
,,,NUCLEO-H745ZI-Q - 5,,,
,,,NUCLEO-H745ZI-Q - 6,,,
,,,NUCLEO-H745ZI-Q - 7,,,
,,,NUCLEO-H745ZI-Q - 8,,,
H7,NUCLEO-H753ZI,10,,,,
,,,NUCLEO-H753ZI - 1,,,
,,,NUCLEO-H753ZI - 2,,,
,,,NUCLEO-H753ZI - 3,,,
,,,NUCLEO-H753ZI - 4,,,
,,,NUCLEO-H753ZI - 5,,,
,,,NUCLEO-H753ZI - 6,,,
,,,NUCLEO-H753ZI - 7,,,
,,,NUCLEO-H753ZI - 8,,,
,,,NUCLEO-H753ZI - 9,,,
,,,NUCLEO-H753ZI - 10,,,
H7,NUCLEO-H753ZI (AT3),4,,,,
,,,NUCLEO-H753ZI (AT3) - 1,,,
,,,NUCLEO-H753ZI (AT3) - 2,,,
,,,NUCLEO-H753ZI (AT3) - 3,,,
,,,NUCLEO-H753ZI (AT3) - 4,,,
H7,NUCLEO-H755ZI-Q,6,,,,
,,,NUCLEO-H755ZI-Q - 1,,,
,,,NUCLEO-H755ZI-Q - 2,,,
,,,NUCLEO-H755ZI-Q - 3,,,
,,,NUCLEO-H755ZI-Q - 4,,,
,,,NUCLEO-H755ZI-Q - 5,,,
,,,NUCLEO-H755ZI-Q - 6,,,
H7,NUCLEO-H755ZI-Q (AT3),4,,,,
,,,NUCLEO-H755ZI-Q (AT3) - 1,,,
,,,NUCLEO-H755ZI-Q (AT3) - 2,,,
,,,NUCLEO-H755ZI-Q (AT3) - 3,,,
,,,NUCLEO-H755ZI-Q (AT3) - 4,,,
H7,NUCLEO-H7A3ZI-Q,10,,,,
,,,NUCLEO-H7A3ZI-Q - 1,,,
,,,NUCLEO-H7A3ZI-Q - 2,,,
,,,NUCLEO-H7A3ZI-Q - 3,,,
,,,NUCLEO-H7A3ZI-Q - 4,,,
,,,NUCLEO-H7A3ZI-Q - 5,,,
,,,NUCLEO-H7A3ZI-Q - 6,,,
,,,NUCLEO-H7A3ZI-Q - 7,,,
,,,NUCLEO-H7A3ZI-Q - 8,,,
,,,NUCLEO-H7A3ZI-Q - 9,,,
,,,NUCLEO-H7A3ZI-Q - 10,,,
H7,NUCLEO-H7S3L8 (KR1),11,,,,
,,,NUCLEO-H7S3L8 (KR1) - 1,,,
,,,NUCLEO-H7S3L8 (KR1) - 2,,,
,,,NUCLEO-H7S3L8 (KR1) - 3,,,
,,,NUCLEO-H7S3L8 (KR1) - 4,,,
,,,NUCLEO-H7S3L8 (KR1) - 5,,,
,,,NUCLEO-H7S3L8 (KR1) - 6,,,
,,,NUCLEO-H7S3L8 (KR1) - 7,,,
,,,NUCLEO-H7S3L8 (KR1) - 8,,,
,,,NUCLEO-H7S3L8 (KR1) - 9,,,
,,,NUCLEO-H7S3L8 (KR1) - 10,,,
,,,NUCLEO-H7S3L8 (KR1) - 11,,,
L4,NUCLEO-L496ZG,4,,,,
,,,NUCLEO-L496ZG - 1,,,
,,,NUCLEO-L496ZG - 2,,,
,,,NUCLEO-L496ZG - 3,,,
,,,NUCLEO-L496ZG - 4,,,
L4,NUCLEO-L496ZG-P,6,,,,
,,,NUCLEO-L496ZG-P - 1,,,
,,,NUCLEO-L496ZG-P - 2,,,
,,,NUCLEO-L496ZG-P - 3,,,
,,,NUCLEO-L496ZG-P - 4,,,
,,,NUCLEO-L496ZG-P - 5,,,
,,,NUCLEO-L496ZG-P - 6,,,
L4,NUCLEO-L4A6ZG,8,,,,
,,,NUCLEO-L4A6ZG - 1,,,
,,,NUCLEO-L4A6ZG - 2,,,
,,,NUCLEO-L4A6ZG - 3,,,
,,,NUCLEO-L4A6ZG - 4,,,
,,,NUCLEO-L4A6ZG - 5,,,
,,,NUCLEO-L4A6ZG - 6,,,
,,,NUCLEO-L4A6ZG - 7,,,
,,,NUCLEO-L4A6ZG - 8,,,
L4,NUCLEO-L4P5ZG,4,,,,
,,,NUCLEO-L4P5ZG - 1,,,
,,,NUCLEO-L4P5ZG - 2,,,
,,,NUCLEO-L4P5ZG - 3,,,
,,,NUCLEO-L4P5ZG - 4,,,
L4,NUCLEO-L4R5ZI,5,,,,
,,,NUCLEO-L4R5ZI - 1,,,
,,,NUCLEO-L4R5ZI - 2,,,
,,,NUCLEO-L4R5ZI - 3,,,
,,,NUCLEO-L4R5ZI - 4,,,
,,,NUCLEO-L4R5ZI - 5,,,
L4,NUCLEO-L4R5ZI-P,4,,,,
,,,NUCLEO-L4R5ZI-P - 1,,,
,,,NUCLEO-L4R5ZI-P - 2,,,
,,,NUCLEO-L4R5ZI-P - 3,,,
,,,NUCLEO-L4R5ZI-P - 4,,,
L5,NUCLEO-L552ZE-Q,11,,,,
,,,NUCLEO-L552ZE-Q - 1,,,
,,,NUCLEO-L552ZE-Q - 2,,,
,,,NUCLEO-L552ZE-Q - 3,,,
,,,NUCLEO-L552ZE-Q - 4,,,
,,,NUCLEO-L552ZE-Q - 5,,,
,,,NUCLEO-L552ZE-Q - 6,,,
,,,NUCLEO-L552ZE-Q - 7,,,
,,,NUCLEO-L552ZE-Q - 8,,,
,,,NUCLEO-L552ZE-Q - 9,,,
,,,NUCLEO-L552ZE-Q - 10,,,
,,,NUCLEO-L552ZE-Q - 11,,,
N6,NUCLEO-N657X0-Q (CR3),1,,,,
,,,NUCLEO-N657X0-Q (CR3) - 1,,,
N6,NUCLEO-N657X0-Q (CR1),4,,,,
,,,NUCLEO-N657X0-Q (CR1) - 1,,,
,,,NUCLEO-N657X0-Q (CR1) - 2,,,
,,,NUCLEO-N657X0-Q (CR1) - 3,,,
,,,NUCLEO-N657X0-Q (CR1) - 4,,,
U5,NUCLEO-U575ZI-Q (AT1),13,,,,
,,,NUCLEO-U575ZI-Q (AT1) - 1,,,
,,,NUCLEO-U575ZI-Q (AT1) - 2,,,
,,,NUCLEO-U575ZI-Q (AT1) - 3,,,
,,,NUCLEO-U575ZI-Q (AT1) - 4,,,
,,,NUCLEO-U575ZI-Q (AT1) - 5,,,
,,,NUCLEO-U575ZI-Q (AT1) - 6,,,
,,,NUCLEO-U575ZI-Q (AT1) - 7,,,
,,,NUCLEO-U575ZI-Q (AT1) - 8,,,
,,,NUCLEO-U575ZI-Q (AT1) - 9,,,
,,,NUCLEO-U575ZI-Q (AT1) - 10,,,
,,,NUCLEO-U575ZI-Q (AT1) - 11,,,
,,,NUCLEO-U575ZI-Q (AT1) - 12,,,
,,,NUCLEO-U575ZI-Q (AT1) - 13,,,
U5,NUCLEO-U575ZI-Q (AT2),8,,,,
,,,NUCLEO-U575ZI-Q (AT2) - 1,,,
,,,NUCLEO-U575ZI-Q (AT2) - 2,,,
,,,NUCLEO-U575ZI-Q (AT2) - 3,,,
,,,NUCLEO-U575ZI-Q (AT2) - 4,,,
,,,NUCLEO-U575ZI-Q (AT2) - 5,,,
,,,NUCLEO-U575ZI-Q (AT2) - 6,,,
,,,NUCLEO-U575ZI-Q (AT2) - 7,,,
,,,NUCLEO-U575ZI-Q (AT2) - 8,,,
U5,NUCLEO-U575ZI-Q (AT3),10,,,,
,,,NUCLEO-U575ZI-Q (AT3) - 1,,,
,,,NUCLEO-U575ZI-Q (AT3) - 2,,,
,,,NUCLEO-U575ZI-Q (AT3) - 3,,,
,,,NUCLEO-U575ZI-Q (AT3) - 4,,,
,,,NUCLEO-U575ZI-Q (AT3) - 5,,,
,,,NUCLEO-U575ZI-Q (AT3) - 6,,,
,,,NUCLEO-U575ZI-Q (AT3) - 7,,,
,,,NUCLEO-U575ZI-Q (AT3) - 8,,,
,,,NUCLEO-U575ZI-Q (AT3) - 9,,,
,,,NUCLEO-U575ZI-Q (AT3) - 10,,,
U5,NUCLEO-U575ZI-Q (AT4),2,,,,
,,,NUCLEO-U575ZI-Q (AT4) - 1,,,
,,,NUCLEO-U575ZI-Q (AT4) - 2,,,
U5,NUCLEO-U5A5ZJ-Q,12,,,,
,,,NUCLEO-U5A5ZJ-Q - 1,,,
,,,NUCLEO-U5A5ZJ-Q - 2,,,
,,,NUCLEO-U5A5ZJ-Q - 3,,,
,,,NUCLEO-U5A5ZJ-Q - 4,,,
,,,NUCLEO-U5A5ZJ-Q - 5,,,
,,,NUCLEO-U5A5ZJ-Q - 6,,,
,,,NUCLEO-U5A5ZJ-Q - 7,,,
,,,NUCLEO-U5A5ZJ-Q - 8,,,
,,,NUCLEO-U5A5ZJ-Q - 9,,,
,,,NUCLEO-U5A5ZJ-Q - 10,,,
,,,NUCLEO-U5A5ZJ-Q - 11,,,
,,,NUCLEO-U5A5ZJ-Q - 12,,,
,,,,,,
,,,,,,
STM32 Nucleo Packs,,,,,,
,P-NUCLEO-53L4A2,2,,,,
,,,P-NUCLEO-53L4A2 - 1,,,
,,,P-NUCLEO-53L4A2 - 2,,,
F0,P-NUCLEO-USB001,1,,,,
,,,P-NUCLEO-USB001 - 1,,,
F0,P-NUCLEO-USB002,2,,,,
,,,P-NUCLEO-USB002 - 1,,,
,,,P-NUCLEO-USB002 - 2,,,
F7-F4,P-NUCLEO-LRWAN2,4,,,,
,,,P-NUCLEO-LRWAN2 - 1,,,
,,,P-NUCLEO-LRWAN2 - 2,,,
,,,P-NUCLEO-LRWAN2 - 3,,,
,,,P-NUCLEO-LRWAN2 - 4,,,
L4,P-L496G-CELL01,5,,,,
,,,P-L496G-CELL01 - 1,,,
,,,P-L496G-CELL01 - 2,,,
,,,P-L496G-CELL01 - 3,,,
,,,P-L496G-CELL01 - 4,,,
,,,P-L496G-CELL01 - 5,,,
L4,P-L496G-CELL02,4,,,,
,,,P-L496G-CELL02 - 1,,,
,,,P-L496G-CELL02 - 2,,,
,,,P-L496G-CELL02 - 3,,,
,,,P-L496G-CELL02 - 4,,,
WB,P-NUCLEO-WB55,7,,,,
,,,P-NUCLEO-WB55 - 1,,,
,,,P-NUCLEO-WB55 - 2,,,
,,,P-NUCLEO-WB55 - 3,,,
,,,P-NUCLEO-WB55 - 4,,,
,,,P-NUCLEO-WB55 - 5,,,
,,,P-NUCLEO-WB55 - 6,,,
,,,P-NUCLEO-WB55 - 7,,,
,,,,,,
,,,,,,
STM32 Nucleo Expansion Pack,,,,,,
Camera,B-CAMS-IMX (MZ2),4,,,,
,,,B-CAMS-IMX (MZ2) - 1,,,
,,,B-CAMS-IMX (MZ2) - 2,,,
,,,B-CAMS-IMX (MZ2) - 3,,,
,,,B-CAMS-IMX (MZ2) - 4,,,
Camera,B-CAMS-IMX (MZ1),6,,,,
,,,B-CAMS-IMX (MZ1) - 1,,,
,,,B-CAMS-IMX (MZ1) - 2,,,
,,,B-CAMS-IMX (MZ1) - 3,,,
,,,B-CAMS-IMX (MZ1) - 4,,,
,,,B-CAMS-IMX (MZ1) - 5,,,
,,,B-CAMS-IMX (MZ1) - 6,,,
Camera,B-CAMS-OMV,6,,,,
,,,B-CAMS-OMV - 1,,,
,,,B-CAMS-OMV - 2,,,
,,,B-CAMS-OMV - 3,,,
,,,B-CAMS-OMV - 4,,,
,,,B-CAMS-OMV - 5,,,
,,,B-CAMS-OMV - 6,,,
Display,B-LCD40-DSI1,2,,,,
,,,B-LCD40-DSI1 - 1,,,
,,,B-LCD40-DSI1 - 2,,,
Display,B-LCDAD-HDMI1,2,,,,
,,,B-LCDAD-HDMI1 - 1,,,
,,,B-LCDAD-HDMI1 - 2,,,
Display,B-LCDAD-RPI1,2,,,,
,,,B-LCDAD-RPI1 - 1,,,
,,,B-LCDAD-RPI1 - 2,,,
Display,RVA15MD-NUC64A,2,,,,
,,,RVA15MD-NUC64A - 1,,,
,,,RVA15MD-NUC64A - 2,,,
Display,RVA35HI-NUC144A,2,,,,
,,,RVA35HI-NUC144A - 1,,,
,,,RVA35HI-NUC144A - 2,,,
ToF,X-NUCLEO-53L0A1,3,,,,
,,,X-NUCLEO-53L0A1 - 1,,,
,,,X-NUCLEO-53L0A1 - 2,,,
,,,X-NUCLEO-53L0A1 - 3,,,
ToF,X-NUCLEO-53L1A1,2,,,,
,,,X-NUCLEO-53L1A1 - 1,,,
,,,X-NUCLEO-53L1A1 - 2,,,
ToF,X-NUCLEO-53L3A2,4,,,,
,,,X-NUCLEO-53L3A2 - 1,,,
,,,X-NUCLEO-53L3A2 - 2,,,
,,,X-NUCLEO-53L3A2 - 3,,,
,,,X-NUCLEO-53L3A2 - 4,,,
ToF,X-NUCLEO-53L4A1,2,,,,
,,,X-NUCLEO-53L4A1 - 1,,,
,,,X-NUCLEO-53L4A1 - 2,,,
ToF,X-NUCLEO-53L4A2,2,,,,
,,,X-NUCLEO-53L4A2 - 1,,,
,,,X-NUCLEO-53L4A2 - 2,,,
ToF,X-NUCLEO-53L7A1,6,,,,
,,,X-NUCLEO-53L7A1 - 1,,,
,,,X-NUCLEO-53L7A1 - 2,,,
,,,X-NUCLEO-53L7A1 - 3,,,
,,,X-NUCLEO-53L7A1 - 4,,,
,,,X-NUCLEO-53L7A1 - 5,,,
,,,X-NUCLEO-53L7A1 - 6,,,
ToF,X-NUCLEO-53L8A1,6,,,,
,,,X-NUCLEO-53L8A1 - 1,,,
,,,X-NUCLEO-53L8A1 - 2,,,
,,,X-NUCLEO-53L8A1 - 3,,,
,,,X-NUCLEO-53L8A1 - 4,,,
,,,X-NUCLEO-53L8A1 - 5,,,
,,,X-NUCLEO-53L8A1 - 6,,,
ToF,X-NUCLEO-6180XA1,3,,,,
,,,X-NUCLEO-6180XA1 - 1,,,
,,,X-NUCLEO-6180XA1 - 2,,,
,,,X-NUCLEO-6180XA1 - 3,,,
Microphone,X-NUCLEO-AMICAM1,1,,,,
,,,X-NUCLEO-AMICAM1 - 1,,,
Audio,X-NUCLEO-CCA01M1,2,,,,
,,,X-NUCLEO-CCA01M1 - 1,,,
,,,X-NUCLEO-CCA01M1 - 2,,,
Microphone,X-NUCLEO-CCA02M2,3,,,,
,,,X-NUCLEO-CCA02M2 - 1,,,
,,,X-NUCLEO-CCA02M2 - 2,,,
,,,X-NUCLEO-CCA02M2 - 3,,,
USB-C PD,X-NUCLEO-DRP1M1,2,,,,
,,,X-NUCLEO-DRP1M1 - 1,,,
,,,X-NUCLEO-DRP1M1 - 2,,,
EEPROM ,X-NUCLEO-EEICA1,4,,,,
,,,X-NUCLEO-EEICA1 - 1,,,
,,,X-NUCLEO-EEICA1 - 2,,,
,,,X-NUCLEO-EEICA1 - 3,,,
,,,X-NUCLEO-EEICA1 - 4,,,
EEPROM ,X-NUCLEO-EEPRMA1,3,,,,
,,,X-NUCLEO-EEPRMA1 - 1,,,
,,,X-NUCLEO-EEPRMA1 - 2,,,
,,,X-NUCLEO-EEPRMA1 - 3,,,
EEPROM ,X-NUCLEO-EEPRMA2,6,,,,
,,,X-NUCLEO-EEPRMA2 - 1,,,
,,,X-NUCLEO-EEPRMA2 - 2,,,
,,,X-NUCLEO-EEPRMA2 - 3,,,
,,,X-NUCLEO-EEPRMA2 - 4,,,
,,,X-NUCLEO-EEPRMA2 - 5,,,
,,,X-NUCLEO-EEPRMA2 - 6,,,
Display,X-NUCLEO-GFX01M1,7,,,,
,,,X-NUCLEO-GFX01M1 - 1,,,
,,,X-NUCLEO-GFX01M1 - 2,,,
,,,X-NUCLEO-GFX01M1 - 3,,,
,,,X-NUCLEO-GFX01M1 - 4,,,
,,,X-NUCLEO-GFX01M1 - 5,,,
,,,X-NUCLEO-GFX01M1 - 6,,,
,,,X-NUCLEO-GFX01M1 - 7,,,
Display,X-NUCLEO-GFX01M2 AZ1,4,,,,
,,,X-NUCLEO-GFX01M2 AZ1 - 1,,,
,,,X-NUCLEO-GFX01M2 AZ1 - 2,,,
,,,X-NUCLEO-GFX01M2 AZ1 - 3,,,
,,,X-NUCLEO-GFX01M2 AZ1 - 4,,,
Display,X-NUCLEO-GFX01M2 AZ2,4,,,,
,,,X-NUCLEO-GFX01M2 AZ2 - 1,,,
,,,X-NUCLEO-GFX01M2 AZ2 - 2,,,
,,,X-NUCLEO-GFX01M2 AZ2 - 3,,,
,,,X-NUCLEO-GFX01M2 AZ2 - 4,,,
Display,X-NUCLEO-GFX02Z1 AZ1,6,,,,
,,,X-NUCLEO-GFX02Z1 AZ1 - 1,,,
,,,X-NUCLEO-GFX02Z1 AZ1 - 2,,,
,,,X-NUCLEO-GFX02Z1 AZ1 - 3,,,
,,,X-NUCLEO-GFX02Z1 AZ1 - 4,,,
,,,X-NUCLEO-GFX02Z1 AZ1 - 5,,,
,,,X-NUCLEO-GFX02Z1 AZ1 - 6,,,
Display,X-NUCLEO-GFX02Z1 AZ2,7,,,,
,,,X-NUCLEO-GFX02Z1 AZ2 - 1,,,
,,,X-NUCLEO-GFX02Z1 AZ2 - 2,,,
,,,X-NUCLEO-GFX02Z1 AZ2 - 3,,,
,,,X-NUCLEO-GFX02Z1 AZ2 - 4,,,
,,,X-NUCLEO-GFX02Z1 AZ2 - 5,,,
,,,X-NUCLEO-GFX02Z1 AZ2 - 6,,,
,,,X-NUCLEO-GFX02Z1 AZ2 - 7,,,
BlueNRG,X-NUCLEO-IDB04A1,3,,,,
,,,X-NUCLEO-IDB04A1 - 1,,,
,,,X-NUCLEO-IDB04A1 - 2,,,
,,,X-NUCLEO-IDB04A1 - 3,,,
BlueNRG,X-NUCLEO-IDB05A1,5,,,,
,,,X-NUCLEO-IDB05A1 - 1,,,
,,,X-NUCLEO-IDB05A1 - 2,,,
,,,X-NUCLEO-IDB05A1 - 3,,,
,,,X-NUCLEO-IDB05A1 - 4,,,
,,,X-NUCLEO-IDB05A1 - 5,,,
BlueNRG,X-NUCLEO-IDB05A2,1,,,,
,,,X-NUCLEO-IDB05A2 - 1,,,
Sub-1 GHz 868 MHz,X-NUCLEO-IDS01A4,3,,,,
,,,X-NUCLEO-IDS01A4 - 1,,,
,,,X-NUCLEO-IDS01A4 - 2,,,
,,,X-NUCLEO-IDS01A4 - 3,,,
Sub-1 GHz 915 MHz,X-NUCLEO-IDS01A5,2,,,,
,,,X-NUCLEO-IDS01A5 - 1,,,
,,,X-NUCLEO-IDS01A5 - 2,,,
Wi-Fi,X-NUCLEO-IDW01M1,1,,,,
,,,X-NUCLEO-IDW01M1 - 1,,,
Motor Control,X-NUCLEO-IHM09M1,1,,,,
,,,X-NUCLEO-IHM09M1 - 1,,,
Motor Control,X-NUCLEO-IHM09M2,2,,,,
,,,X-NUCLEO-IHM09M2 - 1,,,
,,,X-NUCLEO-IHM09M2 - 2,,,
Motor Control,X-NUCLEO-IHM15A1,4,,,,
,,,X-NUCLEO-IHM15A1 - 1,,,
,,,X-NUCLEO-IHM15A1 - 2,,,
,,,X-NUCLEO-IHM15A1 - 3,,,
,,,X-NUCLEO-IHM15A1 - 4,,,
OpAmps,X-NUCLEO-IKA01A1,6,,,,
,,,X-NUCLEO-IKA01A1 - 1,,,
,,,X-NUCLEO-IKA01A1 - 2,,,
,,,X-NUCLEO-IKA01A1 - 3,,,
,,,X-NUCLEO-IKA01A1 - 4,,,
,,,X-NUCLEO-IKA01A1 - 5,,,
,,,X-NUCLEO-IKA01A1 - 6,,,
Mems,X-NUCLEO-IKS01A2,6,,,,
,,,X-NUCLEO-IKS01A2 - 1,,,
,,,X-NUCLEO-IKS01A2 - 2,,,
,,,X-NUCLEO-IKS01A2 - 3,,,
,,,X-NUCLEO-IKS01A2 - 4,,,
,,,X-NUCLEO-IKS01A2 - 5,,,
,,,X-NUCLEO-IKS01A2 - 6,,,
Mems,X-NUCLEO-IKS01A3,8,,,,
,,,X-NUCLEO-IKS01A3 - 1,,,
,,,X-NUCLEO-IKS01A3 - 2,,,
,,,X-NUCLEO-IKS01A3 - 3,,,
,,,X-NUCLEO-IKS01A3 - 4,,,
,,,X-NUCLEO-IKS01A3 - 5,,,
,,,X-NUCLEO-IKS01A3 - 6,,,
,,,X-NUCLEO-IKS01A3 - 7,,,
,,,X-NUCLEO-IKS01A3 - 8,,,
Mems-Micro,X-NUCLEO-IKS02A1,7,,,,
,,,X-NUCLEO-IKS02A1 - 1,,,
,,,X-NUCLEO-IKS02A1 - 2,,,
,,,X-NUCLEO-IKS02A1 - 3,,,
,,,X-NUCLEO-IKS02A1 - 4,,,
,,,X-NUCLEO-IKS02A1 - 5,,,
,,,X-NUCLEO-IKS02A1 - 6,,,
,,,X-NUCLEO-IKS02A1 - 7,,,
Mems,X-NUCLEO-IKS4A1,4,,,,
,,,X-NUCLEO-IKS4A1 - 1,,,
,,,X-NUCLEO-IKS4A1 - 2,,,
,,,X-NUCLEO-IKS4A1 - 3,,,
,,,X-NUCLEO-IKS4A1 - 4,,,
Power,X-NUCLEO-IOD02A1,1,,,,
,,,X-NUCLEO-IOD02A1 - 1,,,
Power,X-NUCLEO-IPS02A1,,,,,
LED,X-NUCLEO-LED16A1,2,,,,
,,,X-NUCLEO-LED16A1 - 1,,,
,,,X-NUCLEO-LED16A1 - 2,,,
LED,X-NUCLEO-LED61A1,2,,,,
,,,X-NUCLEO-LED61A1 - 1,,,
,,,X-NUCLEO-LED61A1 - 2,,,
GNSS,X-NUCLEO-LIV4A1A,2,,,,
,,,X-NUCLEO-LIV4A1A - 1,,,
,,,X-NUCLEO-LIV4A1A - 2,,,
Power,X-NUCLEO-LPM01A,4,,,,
,,,X-NUCLEO-LPM01A - 1,,,
,,,X-NUCLEO-LPM01A - 2,,,
,,,X-NUCLEO-LPM01A - 3,,,
,,,X-NUCLEO-LPM01A - 4,,,
NFC,X-NUCLEO-NFC01A1,2,,,,
,,,X-NUCLEO-NFC01A1 - 1,,,
,,,X-NUCLEO-NFC01A1 - 2,,,
NFC,X-NUCLEO-NFC01A2,1,,,,
,,,X-NUCLEO-NFC01A2 - 1,,,
NFC,X-NUCLEO-NFC03A1,1,,,,
,,,X-NUCLEO-NFC03A1 - 1,,,
NFC,X-NUCLEO-NFC04A1,2,,,,
,,,X-NUCLEO-NFC04A1 - 1,,,
,,,X-NUCLEO-NFC04A1 - 2,,,
NFC,X-NUCLEO-NFC05A1,1,,,,
,,,X-NUCLEO-NFC05A1 - 1,,,
NFC,X-NUCLEO-NFC06A1,2,,,,
,,,X-NUCLEO-NFC06A1 - 1,,,
,,,X-NUCLEO-NFC06A1 - 2,,,
NFC,X-NUCLEO-NFC08A1,2,,,,
,,,X-NUCLEO-NFC08A1 - 1,,,
,,,X-NUCLEO-NFC08A1 - 2,,,
Power,X-NUCLEO-OUT04A1,2,,,,
,,,X-NUCLEO-OUT04A1 - 1,,,
,,,X-NUCLEO-OUT04A1 - 2,,,
Power,X-NUCLEO-OUT07A1,2,,,,
,,,X-NUCLEO-OUT07A1 - 1,,,
,,,X-NUCLEO-OUT07A1 - 2,,,
Power,X-NUCLEO-OUT14A1,2,,,,
,,,X-NUCLEO-OUT14A1 - 1,,,
,,,X-NUCLEO-OUT14A1 - 2,,,
Power,X-NUCLEO-OUT15A1,2,,,,
,,,X-NUCLEO-OUT15A1 - 1,,,
,,,X-NUCLEO-OUT15A1 - 2,,,
Power,X-NUCLEO-PLM01A1,4,,,,
,,,X-NUCLEO-PLM01A1 - 1,,,
,,,X-NUCLEO-PLM01A1 - 2,,,
,,,X-NUCLEO-PLM01A1 - 3,,,
,,,X-NUCLEO-PLM01A1 - 4,,,
EEPROM ,X-NUCLEO-PGEEZ1,2,,,,
,,,X-NUCLEO-PGEEZ1 - 1,,,
,,,X-NUCLEO-PGEEZ1 - 2,,,
Sub-1 GHz 868 MHz,X-NUCLEO-S2868A1,3,,,,
,,,X-NUCLEO-S2868A1 - 1,,,
,,,X-NUCLEO-S2868A1 - 2,,,
,,,X-NUCLEO-S2868A1 - 3,,,
ST Safe,X-NUCLEO-SAFEA1A,4,,,,
,,,X-NUCLEO-SAFEA1A - 1,,,
,,,X-NUCLEO-SAFEA1A - 2,,,
,,,X-NUCLEO-SAFEA1A - 3,,,
,,,X-NUCLEO-SAFEA1A - 4,,,
USB-C PD,X-NUCLEO-SNK1M1,4,,,,
,,,X-NUCLEO-SNK1M1 - 1,,,
,,,X-NUCLEO-SNK1M1 - 2,,,
,,,X-NUCLEO-SNK1M1 - 3,,,
,,,X-NUCLEO-SNK1M1 - 4,,,
USB-C PD,X-NUCLEO-SRC1M1,4,,,,
,,,X-NUCLEO-SRC1M1 - 1,,,
,,,X-NUCLEO-SRC1M1 - 2,,,
,,,X-NUCLEO-SRC1M1 - 3,,,
,,,X-NUCLEO-SRC1M1 - 4,,,
USB-C PD,X-NUCLEO-STMODA1,2,,,,
,,,X-NUCLEO-STMODA1 - 1,,,
,,,X-NUCLEO-STMODA1 - 2,,,
ST Safe,X-NUCLEO-STSA100,6,,,,
,,,X-NUCLEO-STSA100 - 1,,,
,,,X-NUCLEO-STSA100 - 2,,,
,,,X-NUCLEO-STSA100 - 3,,,
,,,X-NUCLEO-STSA100 - 4,,,
,,,X-NUCLEO-STSA100 - 5,,,
,,,X-NUCLEO-STSA100 - 6,,,
USB-C PD,X-NUCLEO-USBPDM1,1,,,,
,,,X-NUCLEO-USBPDM1 - 1,,,
